<?xml version="1.0" encoding="UTF-8" standalone="yes"?>
<addon id="plugin.video.fesoficial" name="Fernado  sorocaba" version="2.0.0" provider-name="Tiago">
  <requires>
    <import addon="xbmc.python" version="2.1.0"/>
    <import addon="script.module.addon.common" version="2.0.0"/>
    <import addon="plugin.video.youtube" version="5.1.7"/>
  </requires>
  <extension point="xbmc.python.pluginsource" library="default.py">
    <provides>video</provides>
  </extension>
  <extension point="xbmc.addon.metadata">
    <summary lang="en">Fernado  sorocaba</summary>
    <description lang="en">Esse é o canal Fernado e Sorocaba. :-)</description>
    <platform>all</platform>
  </extension>
</addon>
